编号	普通话	方言	发音	注释
0001	太阳	日头	ni44lau21 	～下山了
0002	月亮	月	ŋuk2 	～出来了
0003	星星	天星	tiŋ44neiŋ331 	
0004	云	云	houŋ21 	
0005	风	风	houŋ331 	
0006	台风	风颱	huŋ44nai331 	
0007	闪电	雷泄	lai21siak5 	名词
0008	雷	雷	lai21 	
0009	雨	雨	hu23 	
0010	下雨	做雨	zor55u23 	
0011	淋	沃	uk5 	衣服被雨～湿了
0012	晒	曝	puk2 	～粮食
0013	雪	雪	suk5 	
0014	冰	冰	beiŋ331 	
0015	冰雹	龙雹	luŋ21mork2 	
0016	霜	霜	soruŋ331 	
0017	雾	雾	muo23 	
0018	露	露	lou35 	
0019	虹	虹	gouŋ23 	统称
0020	日食	日蚀	nik2sek5 	
0021	月食	月蚀	ŋuk2sek5 	
0022	天气	天气	tiŋ44 kei35 	
0023	晴	好天	hor55leiŋ44 	天～
0024	阴	阴	aeiŋ331 	天～
0025	旱	旱	aŋ23 	天～
0026	涝	涝	lor21 	天～
0027	天亮	天光	tiŋ44guŋ331 	
0028	水田	塍	caeiŋ21 	
0029	旱地	园	huŋ21 	浇不上水的耕地
0030	田埂	塍墘	caeiŋ21niŋ21 	
0031	路	山墿	saŋ44nu23 	野外的
0032	山	山	saŋ331 	
0033	山谷	山垅	saŋ23lœuŋ331 	
0034	江	江	gœuŋ331 	大的河
0035	溪	溪	kae331 	小的河
0036	水沟儿	水沟	zi55gau331 	较小的水道
0037	湖	湖	ou21 	
0038	池塘	池	di21 	
0039	水坑儿	水窠	zi55gau5 	地面上有积水的小洼儿
0040	洪水	大水	do44i41 	
0041	淹	淹	eiŋ331 	被水～了
0042	河岸	外岸	ŋe44aŋ35 	
0043	坝	坝头	bui55dau21 	拦河修筑拦水的
0044	地震	地牛转势	di44ŋou21duŋ55ni35 	
0045	窟窿	窟窿	kœ23lœuŋ331 	
0046	缝儿	缝	pouŋ35 	统称
0047	石头	石头母 岩头母	ci44lau21mor41 ŋe21lau21mor41 	统称 统称
0048	土	涂	tou21 	统称
0049	泥	泥	nae21 	湿的
0050	水泥	洋灰	yioŋ21ŋui331 	旧称
0051	沙子	沙	so331 	
0052	砖	砖	zuŋ331 	整块的
0053	瓦	栋瓦	dœuŋ55wo23 	整块的
0054	煤	煤	mui21 	
0055	煤油	洋油	yioŋ21yeu21 	
0056	炭	硬炭 曝炭	ŋœuŋ44naŋ35 pu44daŋ35 	木炭 木炭
0057	灰	火灰	hui55ou331 	烧成的
0058	灰尘	烟雾	iŋ44mou23 	桌面上的
0059	火	火	hui41 	
0060	烟	烟	eiŋ331 	烧火形成的
0061	失火	火烧厝	hui55liu44ʒu35 	
0062	水	水	zi41 	
0063	凉水	凊水	ciŋ55ŋi51 	
0064	热水	汤	toruŋ331 	如洗脸的热水，不是指喝的开水
0065	开水	沸汤 滚汤	bui55doruŋ331 guŋ55noruŋ331 	喝的 喝的
0066	磁铁	磁铁	zu21lik5 	
0067	时候	时候	si21aeu23 	吃饭的～
0068	什么时候	乜乇时候	mi44nor55si21aeu23 	
0069	现在	只落	zei55lork2 	
0070	以前	快时候	kae35si21aeu23 	十年～
0071	以后	尾候	mui55au23 	十年～
0072	一辈子	蜀世侬	si44si35nœŋ21 	
0073	今年	今年冥	giŋ23niŋ44maŋ21 	
0074	明年	明年冥	maŋ21niŋ21maŋ21 	
0075	后年	后年冥	au23niŋ21maŋ21 	
0076	去年	去年冥	kø35niŋ21maŋ21 	
0077	前年	前年冥	saeiŋ21niŋ21maŋ21 	
0078	往年	闲＝#1年	aeiŋ21na44ŋiŋ213 	过去的年份
0079	年初	年头	niŋ21tau21 	
0080	年底	年兜	niŋ21nau331 	
0081	今天	今早	giŋ55na51 	
0082	明天	明早	maŋ55na51 	
0083	后天	后日	au23nek2 	
0084	大后天	大后日	do44au23nek2 	
0085	昨天	前晡	saŋ21mu331 	
0086	前天	前日	saeiŋ21nek2 	
0087	大前天	大前日	do23saeiŋ21nek2 	
0088	整天	全工 #2郎=工	zuŋ21gœuŋ331 gor21loruŋ21ŋœuŋ331 	
0089	每天	每蜀工	mui41si44œuŋ331 	
0090	早晨	天光早	tiuŋ23na331 	
0091	上午	上昼	sioŋ44nau35 	
0092	中午	当昼	doruŋ44nau35 	
0093	下午	下昼晡	a44lau55bu331 	
0094	傍晚	半晡	buaŋ55mu331 	
0095	白天	日中	nek2doruŋ331 	
0096	夜晚	冥晡	maŋ21mu331 	与白天相对，统称
0097	半夜	半冥	buaŋ55maŋ21 	
0098	正月	正月	ziaŋ44ŋuk2 	农历
0099	大年初一	正月初一	ziaŋ44ŋuk2cœ44ek5 	农历
0100	元宵节	元宵	ŋuŋ21nʒiu331 	
0101	清明	清明	ciŋ44meiŋ21 	
0102	端午	做节	zork5zaek5 	
0103	七月十五	七月半	ci55ŋuk44buaŋ35 	农历，节日名
0104	中秋	中秋	duŋ44neu331 	
0105	冬至	冬节	dœuŋ44nʒaek5 	
0106	腊月	年兜	niŋ21nau331 	农历十二月
0107	除夕	三十日	saŋ23maei44nek2 	农历
0108	历书	黄历	huŋ21li2 	
0109	阴历	农历	nuŋ21lik2 	
0110	阳历	阳历	yioŋ21lik2 	
0111	星期天	主日 礼拜日	zi35nek5 lae35bai55nek2 	
0112	地方	填位	daeiŋ21nori35 	
0113	什么地方	乜乇填位	mi44nork55daeiŋ21nori35 	
0114	家里	厝里	cu35di51 	
0115	城里	城里	siaŋ21ni41 	
0116	乡下	乡下	hioŋ44ŋa23 	
0117	上面	上爿	sioŋ23maeiŋ21 	从～滚下来
0118	下面	下底	a44lae41 	从～爬上去
0119	左边	勿会爿 大爿	mae23baeiŋ21 do23baeiŋ21 	
0120	右边	会爿 细爿	ae23baeiŋ21 sae35baeiŋ21 	
0121	中间	点＝中	daeiŋ55noruŋ331 	排队排在～
0122	前面	头爿	tau21βaeiŋ21 	排队排在～
0123	后面	后爿 跟后	au23baeiŋ21 guŋ55nʒau23 	排队排在～ 排队排在～
0124	末尾	尾后 尾#3	mui55au23 mui55ʒiu35 	排队排在～ 排队排在～
0125	对面	对面	dori55meiŋ35 	
0126	面前	面头前	miŋ55nau21ʒeiŋ21 	
0127	背后	跟后	guŋ55nau23 	
0128	里面	底爿	di41baeiŋ21 	躲在～
0129	外面	外爿	ŋe23baeiŋ21 	衣服晒在～
0130	旁边	旁边 旁边头	boruŋ21miŋ331 boruŋ21miŋ44nau331 	
0131	上	上	sioŋ23 	碗在桌子～
0132	下	下	a23 	凳子在桌子～
0133	边儿	墘头	giŋ21nau21 	桌子的～
0134	角儿	角头	gœuk5lau21 	桌子的～
0135	上去	上来	sioŋ23lei21 	他～了
0136	下来	下来	a23lei21 	他～了
0137	进去	底爿来	daeiŋ41nei21 	他～了
0138	出来	外来	ŋe23lei21 	他～了
0139	出去	外去	ŋe23ø35 	他～了
0140	回来	倒来	dor35lei21 	他～了
0141	起来	起来	ki55ai331 	天冷～了
0142	树	柴树	ca21ʒeu35 	
0143	木头	柴	ca21 	
0144	松树	松柴	suŋ21nʒa21 	统称
0145	柏树	柏	bœuk5 	统称
0146	杉树	杉柴	saŋ23nʒa331 	
0147	柳树	柳树	liu55ʒeu35 	
0148	竹子	竹	døuk5 	统称
0149	笋	笋	suŋ41 	
0150	叶子	树箬	ciu55nik2 	
0151	花	花	ho331 	
0152	花蕾	蕾	lui41 	花骨朵
0153	梅花	梅花	mui21o331 	
0154	牡丹	牡丹	miu55daŋ331 	
0155	荷花	莲花	laeiŋ21ŋo331 	
0156	草	草	co41 	
0157	藤	藤	deiŋ21 	
0158	刺	刺	ci35 	名词
0159	水果	果子	gu35i51 	
0160	苹果	苹果	biŋ21ŋu41 	
0161	桃子	桃	tor21 	
0162	梨	梨	lei21 	
0163	李子	铺＝李	pu35li51 	
0164	杏	桁＝饼	aŋ23miaŋ41 	
0165	橘子	橘	gek5 	
0166	柚子	老包＝	lau44bau331 	
0167	柿子	柿	kei23 	
0168	石榴	石榴	ci44eu21 	
0169	枣	枣	zor41 	
0170	栗子	栗子	lik44zi41 	
0171	核桃	核桃	hork44tor21 	
0172	银杏	银杏	ŋiŋ21ŋœuŋ23 	白果
0173	甘蔗	甘蔗	gaŋ44me35 	
0174	木耳	木米	mu44mi41 	
0175	蘑菇	蘑菇	mo21ou331 	野生的
0176	香菇	香菇	hioŋ44ŋou331 	
0177	稻	粙	deu23 	指植物
0178	稻谷	粟	cuk5 	指子实
0179	稻草	秆	gaŋ41 	脱粒后的
0180	大麦	大麦	do44mak2 	指植物
0181	小麦	小麦	siu35mak5 	指植物
0182	麦秸	麦秆	ma44gaŋ41 	脱粒后的
0183	谷子	黍囝	su55iaŋ51 	指植物(子实是小米)
0184	高粱	黍	sœ331 	指植物
0185	玉米	番豆	horuŋ44nau23 	指成株的植物
0186	棉花	棉花	miŋ21ŋo42 	指植物
0187	油菜	油菜	yiu21ʒai331 	油料作物，不是蔬菜
0188	芝麻	油麻	yiu21mo21 	
0189	向日葵	向日花	hioŋ55ni44o21 	指植物
0190	蚕豆	茶豆	da21lau23 	
0191	豌豆	麦前豆	me44eiŋ21nau23 	
0192	花生	花生	ho44lœuŋ331 	指果实，注意婉称
0193	黄豆	白豆	ba44dau23 	
0194	绿豆	绿豆	luk44dau23 	
0195	豇豆	豇豆	goruŋ44nau23 	
0196	大白菜	白菜	ba44ʒai35 	东北～
0197	包心菜	包菜	bau44ʒai35 	卷心菜，圆白菜，球形的
0198	菠菜	红头菜	œuŋ21nau21nʒai35 	
0199	芹菜	芹菜	kiŋ21nʒai35 	
0200	莴笋	香荬	hioŋ44mae23 	
0201	韭菜	韭菜	giu55ʒai35 	
0202	香菜	香菜	hioŋ44ŋʒai25 	芫荽
0203	葱	葱	cœuŋ331 	
0204	蒜	蒜头	soruŋ55nau21 	
0205	姜	姜	gioŋ331 	
0206	洋葱	番葱	huaŋ44nʒœuŋ331 	
0207	辣椒	辣茄	lak44gi21 	统称
0208	茄子	紫菜	zi55ai35 	统称
0209	西红柿	番柿	huaŋ44ŋei23 	
0210	萝卜	萝卜	lau21βouk2 	统称
0211	胡萝卜	红萝卜 红萝卜	œuŋ21lau21βouk2 œŋ21lor21buk2 	
0212	黄瓜	菜瓜	ci55o331 	
0213	丝瓜	礼=瓜	lae55o331 	无棱的
0214	南瓜	金瓠	giŋ23mou331 	扁圆形或梨形，成熟时赤褐色
0215	荸荠	莳栗	si21lik5 	
0216	红薯	番薯	høuŋ23nøi331 	统称
0217	马铃薯	洋芋卵	yioŋ21u44loruŋ41 	
0218	芋头	芋卵	u44loruŋ41 	
0219	山药	淮山	huai21laŋ331 	圆柱形的
0220	藕	藕	ŋau23 	
0221	老虎	老虎	lau41 	
0222	猴子	猴	gau21 	
0223	蛇	老蛇	lau44e21 	统称
0224	老鼠	老鼠	lau44i41 	家里的
0225	蝙蝠	瑟婆壁	bi21bor21bek5 	
0226	鸟儿	隻囝 鸟囝	zi55iaŋ51 zaeu55giaŋ53 	飞鸟，统称 飞鸟，统称
0227	麻雀	王鴓	wuŋ21mek5 	
0228	喜鹊	吉鹊	gi55cik5 	
0229	乌鸦	乌鸦	u44a331 	
0230	鸽子	白鸽	ba44ak5 	
0231	翅膀	翼 翼膀	siak2 sie44borŋ53 	鸟的，统称 鸟的，统称
0232	爪子	爪	zo41 	鸟的，统称
0233	尾巴	尾	mui41 	
0234	窝	薮	seu35 	鸟的
0235	虫子	虫	tœuŋ21 	统称
0236	蝴蝶	蝴蝶	hu21lik2 	统称
0237	蜻蜓	蜻家	ciŋ44ŋa331 	统称
0238	蜜蜂	蜂	pouŋ331 	
0239	蜂蜜	蜜	mek2 	
0240	知了	蝉	siŋ21 	统称
0241	蚂蚁	蚁公	ŋe44œuŋ331 	
0242	蚯蚓	猴蚓	ga21uŋ41 	
0243	蚕	蚕	caeiŋ21 	
0244	蜘蛛	蜘蛛	di44døi331 	会结网的
0245	蚊子	蚊虫	mui21nœuŋ21 	统称
0246	苍蝇	菩蝇	bu21liŋ21 	统称
0247	跳蚤	绞蚤	ga35ʒo51 	咬人的
0248	虱子	虱母	sek55mor51 	
0249	鱼	鱼	ŋøi21 	
0250	鲤鱼	鲤鱼	li35ŋøi51 	
0251	鳙鱼	红鲶鱼	œuŋ21naeiŋ21ŋøi21 	胖头鱼
0252	鲫鱼	鲫鱼	ti55ŋøi21 	
0253	甲鱼	团鱼	doruŋ21ŋøi21 	
0254	鳞	鳞	leiŋ21 	鱼的
0255	虾	虾	ha21 	统称
0256	螃蟹	湖蟹	hu21ae23 	统称
0257	青蛙	洋蟆 青蛤	yioŋ21mae21 caŋ44ŋak5 	统称 统称
0258	癞蛤蟆	蛤蟆	ha21ma21 	表皮多疙瘩
0259	马	马	ma41 	
0260	驴	驴	lœ21 	
0261	骡	骡	lor21 	
0262	牛	牛	ŋou21 	
0263	公牛	牛牯	ŋu21gu41 	统称
0264	母牛	牛母	ŋu21mor41 	统称
0265	放牛	睨牛	ae55ŋou21 	
0266	羊	羊	yioŋ21 	
0267	猪	猪	døi331 	
0268	种猪	猪狮	di44lai331 	配种用的公猪
0269	公猪	菜猪	cai55døi331 	成年的，已阉的
0270	母猪	猪母	di44mor331 	成年的，未阉的
0271	猪崽	猪囝	di23iaŋ331 	
0272	猪圈	猪栏	di23laŋ331 	
0273	养猪	饲猪	ci55døi331 	
0274	猫	猫咪	ma21nei35 	
0275	公猫	猫咪红	ma21ni55œŋ21 	
0276	母猫	猫咪母	ma21ni55mor51 	
0277	狗	犬	keiŋ41 	统称
0278	公狗	犬牯	keiŋ35ŋu51 	
0279	母狗	犬母	keiŋ35mor51 	
0280	叫	吠	bøi23 	狗～
0281	兔子	署=鼠 兔	si44ci41 tou35 	
0282	鸡	鸡	gi331 	
0283	公鸡	鸡角	gi44œuk5 	成年的，未阉的
0284	母鸡	鸡母	gi23mor331 	已下过蛋的
0285	叫	叫更	giu55aŋ331 	公鸡～（即打鸣儿）
0286	下	生	saŋ331 	鸡～蛋
0287	孵	孵	bou21 	～小鸡
0288	鸭	鸭	ak5 	
0289	鹅	鹅	ŋe21 	
0290	阉	刔	gik5 	～公的猪
0291	阉	刔	gik5 	～母的猪
0292	阉	刔	gik5 	～鸡
0293	喂	饲	cei35 	～猪
0294	杀猪	刣猪	tai21døi331 	统称，注意婉称
0295	杀	刣	tai21 	～鱼
0296	村庄	村	coruŋ331 	一个～
0297	胡同	巷	hœuŋ35 	统称：一条～
0298	街道	街中	gae44loruŋ331 	
0299	盖房子	徛厝	ke55cu35 	
0300	房子	厝	cu35 	整座的，不包括院子
0301	屋子	间里	giŋ23ni331 	房子里分隔而成的，统称
0302	卧室	正间	ziaŋ55giŋ331 	
0303	茅屋	舷=草楼	hiŋ21co35laeu51 	茅草等盖的
0304	厨房	灶前	zau55laeiŋ21 	
0305	灶	鼎灶	diaŋ55nʒau35 	统称
0306	锅	鼎	diaŋ41 	统称
0307	饭锅	鼎	diaŋ41 	煮饭的
0308	菜锅	鼎	diaŋ41 	炒菜的
0309	厕所	灰寮	hu23leu331 	旧式的，统称
0310	檩	桁	aŋ21 	左右方向的
0311	柱子	柱	teu23 	
0312	大门	大门头	do44mouŋ21nau21 	
0313	门槛儿	门垫	muŋ21naeiŋ23 	
0314	窗	窗门	toruŋ23muoŋ331 	旧式的
0315	梯子	手梯	ciu55lai331 	可移动的
0316	扫帚	柴帚	ca21liu331 	统称
0317	扫地	扫地下	sau55diu44a23 	
0318	垃圾	粪屑	buŋ55nor35 	
0319	家具	家私	ga44lei331 	统称
0320	东西	乇	nork5 	我的～
0321				
0322	床	床	coruŋ21 	木制的，睡觉用
0323	枕头	床头	coruŋ21nau21 	
0324	被子	被	pui23 	
0325	棉絮	棉絮	miŋ21nøi35 	
0326	床单	床单	coruŋ21naŋ331 	
0327	褥子	褥	yiok2 	
0328	席子	席	cik2 	
0329	蚊帐	蚊#4	muoŋ21nu21 	
0330	桌子	桌	dork5 	统称
0331	柜子	柜	gøi23 	统称
0332	抽屉	桌柜	dø55øi331 	桌子的
0333	案子	条桌	daeu21dork5 	长条形的
0334	椅子	椅	i41 	统称
0335	凳子	凳	deiŋ35 	统称
0336	马桶	尿桶	ŋe23dœuŋ41 	有盖的
0337	菜刀	灶刀	zau55dor331 	
0338	瓢	瓠头	bu21lau21 	舀水的
0339	缸	缸	goruŋ331 	
0340	坛子	坛	taŋ21 	装酒的～
0341	瓶子	瓶	beiŋ21 	装酒的～
0342	盖子	𠖫	gaŋ41 	杯子的～
0343	碗	碗	waŋ41 	统称
0344	筷子	箸	døi23 	
0345	汤匙	调羹	diu21œuŋ331 	
0346	柴火	火柴	hui35ʒa51 	统称
0347	火柴	火索	hui55lok5 	
0348	锁	锁	sor41 	
0349	钥匙	锁匙	sor35li51 	
0350	暖水瓶	茶罐	da21uaŋ35 	
0351	脸盆	面桶	miŋ55nøuŋ51 	
0352	洗脸水	洗面其水	sae55mi55ae44zi41 	
0353	毛巾	面布	miŋ55mo35 	洗脸用
0354	手绢	手巾	ciu55øuŋ331 	
0355	肥皂	胰皂	i21ʒor23 	洗衣服用
0356	梳子	头梳	tau21lœ331 	旧式的，不是篦子
0357	缝衣针	针	zaeiŋ331 	
0358	剪子	铰刀	ge44dor331 	
0359	蜡烛	蜡烛	lak44zuk5 	
0360	手电筒	手电	ciu55diŋ23 	
0361	雨伞	伞	saŋ41 	挡雨的，统称
0362	自行车	骹踏车	ga22la44ce331 	
0363	衣服	衣裳	i23ioŋ331 	统称
0364	穿	颂	souŋ23 	～衣服
0365	脱	褪	toruŋ35 	～衣服
0366	系	缚	buk2 	～鞋带
0367	衬衫	衬衫	cœuŋ55naŋ331 	
0368	背心	背心	bui44ʒiŋ331 	带两条杠的，内衣
0369	毛衣	羊毛朗=	yioŋ21mor21louŋ41 	
0370	棉衣	棉袄	miŋ21nor41 	
0371	袖子	手䘼	ciu35uŋ51 	
0372	口袋	纽袋	niu21ori23 	衣服上的
0373	裤子	裤	kou35 	
0374	短裤	裤裆	ku55loruŋ331 	
0375	裤腿	裤骹	ku55a331 	
0376	帽子	帽	mor23 	统称
0377	鞋子	鞋	ae23 	
0378	袜子	袜	wak2 	
0379	围巾	领巾	liaŋ55ŋøuŋ331 	
0380	围裙	围身裙	wu21liŋ44ŋouŋ331 	
0381	尿布	衲饼	nak44biaŋ41 	
0382	扣子	扣头	kiu55dau21 	
0383	扣	扣	kaeu35 	～扣子
0384	戒指	手指	ciu35i51 	
0385	手镯	镯	sork2 	
0386	理发	剃头	ti55dau21 	
0387	梳头	撩头 梳头	liu21dau21 sœ23dau331 	
0388	米饭	饭	maŋ35 	
0389	稀饭	糜粥	mi21ʒøuk5 	用米熬的，统称
0390	面粉	面粉	miŋ44ŋuŋ41 	麦子磨的，统称
0391	面条	面	miŋ23 	统称
0392	面儿	粉	huŋ41 	玉米～，辣椒～
0393	馒头	馒头	maŋ21nau21 	无馅的，统称
0394	包子	包	bau331 	
0395	饺子	饺	giu41 	
0396	馄饨	扁食	biŋ44nek5 	
0397	馅儿	心	seiŋ331 	
0398	油条	臭腐条	cau55u44lœ35 	旧称
0399	豆浆	腐浆	hu44ʒioŋ331 	
0400	豆腐脑	豆腐囝	dau23u44iaŋ41 	
0401	元宵	馏囝 粞圆	liu21iaŋ41 cœ55uŋ21 	食品 食品
0402	粽子	粽	zœuŋ35 	
0403	年糕	肉糕	nik44gor331 	
0404	点心	点心	diŋ55neiŋ331 	统称
0405	菜	乇饰 乇配	nor55lek5 nor55puoi35 	吃饭时吃的，统称 吃饭时吃的，统称
0406	干菜	菜干	cai55aŋ331 	统称
0407	豆腐	豆腐	dau44ou23 	
0408	猪血	猪血	di44ou23 	当菜的
0409	猪蹄	猪骹 蹄结 七寸	di44a331 dae21giek5 ci55zorŋ35 	当菜的 当菜的 当菜的
0410	猪舌头	猪舌	di23sik5 	当菜的，注意婉称
0411	猪肝	猪肝	di41aŋ331 	当菜的，注意婉称
0412	下水	下水	a44i41 	猪牛羊的内脏
0413	鸡蛋	鸡卵	gi44loruŋ23 	
0414	松花蛋	皮卵	pui21loruŋ23 	
0415	猪油	猪油	di23yeu331 	
0416	香油	麻油	mo21yeu21 	
0417	酱油	酱油	zioŋ55yeu21 	
0418	盐	盐	siŋ21 	名词
0419	醋	醋	cou35 	注意婉称
0420	香烟	洋薰	yioŋ21ŋoruŋ331 	
0421	旱烟	祠=薰	su21oruŋ331 	
0422	白酒	烧酒	siu23iu331 	
0423	黄酒	冬麦	dœuŋ23mak2 	
0424	江米酒	甜糟	diŋ44nʒau441 	酒酿，醪糟
0425	茶叶	茶米	da21mi41 	
0426	沏	烹 冲	pœuŋ331 couŋ331 	～茶 ～茶
0427	冰棍儿	冰箸	biŋ44nøi23 	
0428	做饭	装饭	zoruŋ44maŋ35 	统称
0429	炒菜	装菜	zoruŋ44cai35 	统称，和做饭相对
0430	煮	煠	sak2 	～带壳的鸡蛋
0431	煎	熇	hork5 	～鸡蛋
0432	炸	烰	pu21 	～油条
0433	蒸	𤊟	deiŋ23 	～鱼
0434	揉	揉	nøi23 	～面做馒头等
0435	擀	擀	goruŋ35 	～面，～皮儿
0436	吃早饭	食饭	sek44bouŋ23 	
0437	吃午饭	食昼	sek44dau35 	
0438	吃晚饭	食冥	sek44maŋ21 	
0439	吃	食	sek2 	～饭
0440	喝	食	sek2 	～酒
0441	喝	食	sek2 	～茶
0442	抽	食	sek2 	～烟
0443	盛	贮	dik5 	～饭
0444	夹	夹	giak5 	用筷子～菜
0445	斟	漀	keiŋ21 	～酒
0446	渴	焦 渴	da331 kak5 	口～ 口～
0447	饿	饥	gøi331 	肚子～
0448	噎	干饥	gaŋ44ŋøi331 	吃饭～着了
0449	头	头	tau21 	人的，统称
0450	头发	头发	tau21uk5 	
0451	辫子	辫囝	biŋ44ŋiaŋ41 	
0452	旋	螺	lori21 	
0453	额头	额头舷	ŋe44lau21iŋ21 	
0454	相貌	相貌	sioŋ55mau23 	
0455	脸	面	meiŋ35 	洗～
0456	眼睛	目珠	mi44zeu331 	
0457	眼珠	目珠仁	mu23u44neiŋ331 	统称
0458	眼泪	目汁	mi44lek5 	哭的时候流出来的
0459	眉毛	眉脐毛	mi21ai21mor21 	
0460	耳朵	耳朵	ŋe44lor41 	
0461	鼻子	鼻公	pi55œuŋ331 	
0462	鼻涕	鼻	pi55 	统称
0463	擤	㪗	to41 	～鼻涕
0464	嘴巴	喙	cøi35 	人的，统称
0465	嘴唇	喙皮	ci55βui21 	
0466	口水	澜	laŋ41 	～流出来
0467	舌头	喙舌	ci55lik2 	
0468	牙齿	喙齿	ci55i51 	
0469	下巴	下廊	a44loruŋ21 	
0470	胡子	喙须	ci55leu331 	嘴周围的
0471	脖子	脰肳	dau44uŋ41 	
0472	喉咙	喉咙	ha21lœuŋ21 	
0473	肩膀	肩头	giŋ23nau331 	
0474	胳膊	手肚	ciu35lu51 	
0475	手	手	ciu41 	方言指(打√)：只指手；包括臂：他的～摔断了
0476	左手	勿会爿手	mae23βaeiŋ23nʒiu41 	
0477	右手	会爿手	ae23βaeiŋ23nʒiu41 	
0478	拳头	拳头	guŋ21nau21 	
0479	手指	跣头	ziŋ35nau51 	
0480	大拇指	跣头母	ziŋ44nau55mor51 	
0481	食指	二指	ni44ʒai331 	
0482	中指	中指	doruŋ44nʒai331 	
0483	无名指	无名指	wu21miaŋ21i41 	
0484	小拇指	跣头囝	ziŋ44nau55iaŋ51 	
0485	指甲	跣甲	ziŋ55ŋak5 	
0486	腿	骹腿	ka23løi331 	
0487	脚	骹	ka331 	方言指(打√)：只指脚；包括小腿；包括小腿和大腿：他的～压断了
0488	膝盖	骹腹头	ka44u55lau21 	指部位
0489	背	背中	bor35loruŋ331 	名词
0490	肚子	腹肚	bu55lu51 	腹部
0491	肚脐	腹脐	bu55ʒai21 	
0492	乳房	月能	naeiŋ35 	女性的
0493	屁股	股	gu55luŋ44mae331 	
0494	肛门	股	gu55luŋ331 	
0495	阴茎	朘鸟 把把	lori21ziu41 ba21ba35 	成人的 成人的
0496	女阴	逼 屄	bik5 bae331 	成人的 成人的
0497	肏	操屄	caeu21bae331 	动词
0498	精液	精	zeiŋ331 	
0499	来月经	下底来喽	a44lae44lei21lo 	注意婉称
0500	拉屎	拉屎	na21lai41 	
0501	撒尿	拉尿	na21niu23 	
0502	放屁	放屁	buŋ55pøi35 	
0503	相当于“他妈的”的口头禅	操你奶	caeu21ni44ne41 	
0504	病了	病痛	ba44niaŋ35 	
0505	着凉	受寒	siu35gaŋ21 	
0506	咳嗽	嗽	sau35 	
0507	发烧	烘热	hœuŋ44ik2 	
0508	发抖	抖	teu331 	
0509	肚子疼	腹肚痛	bu55lu55tiaŋ35 	
0510	拉肚子	腹肚涝	bu55lu55lau35 	
0511	患疟疾	拍寒	pak55gaŋ21 	
0512	中暑	发痧	buk55sa331 	
0513	肿	肿	zuŋ41 	
0514	化脓	化脓	ho55nœuŋ21 	
0515	疤	疝	na331 	好了的
0516	癣	癣	ciŋ41 	
0517	痣	暴痣	bor21βei35 	凸起的
0518	疙瘩	雹=	poruk2 	蚊子咬后形成的
0519	狐臭	印=	eiŋ35 	
0520	看病	睨病	ae55baŋ 	
0521	诊脉	掇脉	du55mak21 	
0522	针灸	针灸	zaeiŋ44nʒiu35 	
0523	打针	拍针	pak55zaeiŋ331 	
0524	打吊针	挂瓶	go55beiŋ21 	
0525	吃药	食草	sei44co41 	统称
0526	汤药	中药	duŋ23ŋik5 	
0527	病轻了	病好纳=	baŋ23hor44nak2 	
0528	说媒	做媒侬	zor55mui21nœuŋ 	
0529	媒人	媒侬 媒侬婆	mui21nœuŋ21 mui21nœuŋ21mor 	
0530	相亲	相亲	sioŋ55nʒeiŋ331 	
0531	订婚	掇定	duk55nʒeiŋ331 	
0532	嫁妆	嫁妆	ga55ʒoruŋ331 	
0533	结婚	婚配 结婚	huŋ44mui35 gi55uŋ331 	统称 统称
0534	娶妻子	扛新妇	goruŋ23niŋ44mou23 	男子～，动宾
0535	出嫁	作新妇 出门	zor55niŋ55mou23 cu55muŋ21 	女子～ 女子～
0536	拜堂	拜堂	bai55doruŋ21 	
0537	新郎	新郎	siŋ23noruŋ331 	
0538	新娘子	新妇	siŋ44mou23 	
0539	孕妇	大腹肚	do44bu55lu51 	
0540	怀孕	带娠	dai55ʒeiŋ331 	
0541	害喜	病囝	baŋ44ŋiaŋ41 	妊娠反应
0542	分娩	放旦 饲囝	buŋ55naŋ35 ci55giaŋ51 	
0543	流产	小产	siu35laŋ51 	
0544	双胞胎	双胎囝	saŋ21nai44iaŋ41 	
0545	坐月子	作月利	zor55ŋu44lei23 	
0546	吃奶	食月能	sek44naeiŋ35 	
0547	断奶	断月能	doruŋ23naeiŋ35 	
0548	满月	满月	muaŋ35ŋuk55 	
0549	生日	生日	saŋ23nik2 	
0550	做寿	做寿	zork55seu23 	
0551	死	死	si41 	统称
0552	死	做老 过去	zor55lau23 gu35kø44 	婉称，最常用的几种，指老人：他～了 婉称，最常用的几种，指老人：他～了
0553	自杀	自杀	zu44lak5 	
0554	咽气	气落底	kei35lœuk5lae35 	
0555	入殓	收殓	siu44liŋ23 	
0556	棺材	棺材	guaŋ23nʒai331 	
0557	出殡	出殡	cuk55beiŋ331 	
0558	灵位	龙牌	luŋ21mae21 	
0559	坟墓	红坟 墓	œuŋ21uŋ41 mu35 	单个的，老人的 单个的，老人的
0560	上坟	祭墓	zi55mu35 	
0561	纸钱	元宝 纸钱	ŋu23mor331 ze35iŋ51 	
0562	老天爷	玉皇大帝 天爷	ŋi55ouŋ21do44dae35 tiŋ23i331 	
0563	菩萨	菩萨	bu21lak5 	统称
0564	观音	观音菩萨	guaŋ44eiŋ331bu21lak5 	
0565	灶神	灶神	zau55leiŋ21 	口头的叫法，其中如有方言亲属称谓要释义
0566	寺庙	庵堂庙观	aŋ21noruŋ44miu44uaŋ23 	
0567	祠堂	祠堂	su21doruŋ21 	
0568	和尚	和尚	hu21lioŋ23 	
0569	尼姑	尼姑	nae21ou331 	
0570	道士	道师	dor44lai331 	
0571	算命	看命	gaŋ55miaŋ23 	统称
0572	运气	运气	wouŋ44kei 	
0573	保佑	保佑	bor55yeu23 	
0574	人	侬	nœuŋ21 	一个～
0575	男人	丈夫侬	doruŋ23mu44nœuŋ331 	成年的，统称
0576	女人	诸娘	zi23nioŋ331 	三四十岁已婚的，统称
0577	单身汉	单身哥	daŋ23niŋ44ŋor331 	
0578	老姑娘	大诸某囝 老诸某囝	do23zu44u44giaŋ41 lau23zu44u44giaŋ41 	
0579	婴儿	幼囝	yiu55iaŋ51 	
0580	小孩	傀儡	gø44løi41 	三四岁的，统称
0581	男孩	丈夫囝	doruŋ23mu44iaŋ41 	统称：外面有个～在哭
0582	女孩	诸娘囝 诸某囝	zi22nioŋ44ŋiaŋ41 zuŋ44ŋiaŋ41 	统称：外面有个～在哭 统称：外面有个～在哭
0583	老人	老侬家	lau44nœuŋ21ŋa331 	七八十岁的，统称
0584	亲戚	亲戚	ciŋ44nʒek5 	统称
0585	朋友	朋友丁	bœŋ21iu55diŋ331 	统称
0586	邻居	隔壁厝	ga35bei55ʒu35 	统称
0587	客人	侬客	nœuŋ21ŋak5 	
0588	农民	做塍侬	zor55caeiŋ23nœuŋ331 	
0589	商人	生意侬	saŋ44ŋi55nœuŋ21 	
0590	手艺人	手艺其侬	ciu55ŋi44ə0nœuŋ21 	
0591	泥水匠	做泥师傅	zor55nae21sai44ou44 	
0592	木匠	做木师傅	zor55mu44sai44ou44 	
0593	裁缝	衣裳师傅	i23ioŋ44sai44ou44 	
0594	理发师	剃头师傅	ti55dausai44ou44 	
0595	厨师	厨师傅	du21lai44ou44 	
0596	师傅	师傅	sai44ou44 	
0597	徒弟	徒弟	du21lae23 	
0598	乞丐	乞食	ki55lek2 	统称，非贬称(无统称则记成年男的)
0599	妓女	做白面 做婊	zor55ba44meiŋ35 zor55biu51 	
0600	流氓	鸬鹚	lu21lei21 	
0601	贼	贼	caek2 	
0602	瞎子	白爿	ba44baeiŋ21 	统称，非贬称(无统称则记成年男的)
0603	聋子	耳聋	ŋe44lœuŋ21 	统称，非贬称(无统称则记成年男的)
0604	哑巴	病哑	baŋ44ŋa41 	统称，非贬称(无统称则记成年男的)
0605	驼子	驼匏	dor21βou21 	统称，非贬称(无统称则记成年男的)
0606	瘸子	跷骹	kiu21a331 	统称，非贬称(无统称则记成年男的)
0607	疯子	癫侬	diŋ23nœuŋ331 	统称，非贬称(无统称则记成年男的)
0608	傻子	戆囝	ŋoruŋ44ŋiaŋ41 	统称，非贬称(无统称则记成年男的)
0609	笨蛋	痴乇	ci44nork5 	蠢的人
0610	爷爷	阿公	a21gouŋ331 	呼称，最通用的
0611	奶奶	阿婆	a21βor21 	呼称，最通用的
0612	外祖父	外公	ŋui44ouŋ331 	叙称
0613	外祖母	外婆	ŋui44βor21 	叙称
0614	父母	爸奶	ma44nae41 	合称
0615	父亲	侬爸	nuŋ21ma23 	叙称
0616	母亲	侬奶	nuŋ21nae41 	叙称
0617	爸爸	爸爸 爸	ba44ba331 ma23 	呼称，最通用的 呼称，最通用的
0618	妈妈	妈妈 奶	ma44ma331 nae41 	呼称，最通用的 呼称，最通用的
0619	继父	后爸 后叔	au44ma23 au44ʒøuk5 	叙称 叙称
0620	继母	后奶	au44nae41 	叙称
0621	岳父	丈侬	diu23nœuŋ21 	叙称
0622	岳母	丈奶	dia23nae41 	叙称
0623	公公	丈翁	diu23aŋ331 	叙称
0624	婆婆	弟=#5	di23e331 	叙称
0625	伯父	阿伯	a21βak5 	呼称，统称
0626	伯母	阿#6	a21βae35 	呼称，统称
0627	叔父	阿叔	a21ʒøuʡ5 	呼称，统称
0628	排行最小的叔父	细叔	sae55øuk5 	呼称，如“幺叔”
0629	叔母	阿婶	a21liŋ41 	呼称，统称
0630	姑	姑姐 阿姐	gu23ʒe331 a23ʒe331 	统称，呼称(无统称则记分称：比父大，比父小；已婚，未婚) 统称，呼称(无统称则记分称：比父大，比父小；已婚，未婚)
0631	姑父	姑丈	gu44lioŋ23 	呼称，统称
0632	舅舅	舅	gou23 	呼称
0633	舅妈	妗	geiŋ23 	呼称
0634	姨	姨	ei21 	统称，呼称(无统称则记分称：比母大，比母小；已婚，未婚)
0635	姨父	姨丈	i21liorŋ23 	呼称，统称
0636	弟兄	兄弟哥	hiaŋ44ni44or331 	合称
0637	姊妹	姊妹哥	zi44mui55or331 	合称，注明是否可包括男性
0638	哥哥	哥	gor331 	呼称，统称
0639	嫂子	嫂	sor41 	呼称，统称
0640	弟弟	弟	di23 	叙称
0641	弟媳	弟新妇	di21ʒeiŋ44mou23 	叙称
0642	姐姐	姊哥 姊	zi44or331 zi41 	呼称，统称 呼称，统称
0643	姐夫	丈 姐丈	dioŋ23 ze55dioŋ23 	呼称 呼称
0644	妹妹	妹	mui35 	叙称
0645	妹夫	妹婿	mui55dai35 	叙称
0646	堂兄弟	堂兄弟	doruŋ21iŋ44nae44 	叙称，统称
0647	表兄弟	表兄弟	biu55iŋ44nae44 	叙称，统称
0648	妯娌	煮饭两	zi44ba55aŋ53 	弟兄妻子的合称
0649	连襟	同门丈	dœuŋ21muŋ21nioŋ23 	姊妹丈夫的关系，叙称
0650	儿子	囝	giaŋ41 	叙称：我的～
0651	儿媳妇	囝新妇	giaŋ55neiŋ44mou23 	叙称：我的～
0652	女儿	诸某囝	zuŋ44niaŋ41 	叙称：我的～
0653	女婿	年婿	niŋ21nʒai35 	叙称：我的～
0654	孙子	孙	soruŋ331 	儿子之子
0655	重孙子	隔两孙	ga44laŋ55noruŋ331 	儿子之孙
0656	侄子	孙	soruŋ331 	弟兄之子
0657	外甥	外甥	ŋe44ʒaŋ331 	姐妹之子
0658	外孙	外甥	ŋe44ʒaŋ331 	女儿之子
0659	夫妻	老公妈	lau23ouŋ44ma41 	合称
0660	丈夫	老公	lau44ouŋ331 	叙称，最通用的，非贬称：她的～
0661	妻子	老妈	lau44ma41 	叙称，最通用的，非贬称：他的～
0662	名字	名字	miaŋ21nʒei23 	
0663	绰号	号名	hor44miaŋ21 	
0664	干活儿	作息	zor55lek5 	统称：在地里～
0665	事情	事干	su44aŋ35 	一件～
0666	插秧	播塍	bo55ʒaeiŋ21 	
0667	割稻	割䅢	gak55deu23 	
0668	种菜	栽菜	zai44cai35 	
0669	犁	犁	lœ21 	
0670	锄头	锄头	ti21lau21 	
0671	镰刀	镰锲	liŋ21ŋaek5 	
0672	把儿	柄	baŋ35 	刀～
0673	扁担	扁担	biŋ55naŋ331 	
0674	箩筐	箩 篮	lo21 laŋ21 	
0675	筛子	筛	tai331 	统称
0676	簸箕	灰箕	hu44ei331 	农具，有梁的
0677	簸箕	粪屑䇭	buŋ35nor55lor51 	簸米用
0678	独轮车	独轮车	du44luŋ21nʒe33 	
0679	轮子	轮	louŋ21 	旧式的，如独轮车上的
0680	碓	碓臼	dai35ou23 	整体
0681	臼	舂臼	zuŋ44ŋou331 	
0682	磨	磨	mor23 	名词
0683	年成	冬 年成	dœuŋ331 niŋ21niaŋ21 	
0684	走江湖	行江湖	giaŋ21goruŋ23ŋou331 	统称
0685	打工	拍工	pak5gœuŋ331 	
0686	斧子	斧头	bo35lau51 	
0687	钳子	钳囝	kiŋ21ŋiaŋ41 	
0688	螺丝刀	螺丝刀	lori21ʒi44dor331 	
0689	锤子	锤	tøi21 	
0690	钉子	洋钉	yioŋ21neiŋ331 	
0691	绳子	索	sork5 	
0692	棍子	棍	gouŋ23 	
0693	做买卖	做生意	zor55laŋ44ŋei35 	
0694	商店	店	daeiŋ35 	
0695	饭馆	饭店	maŋ55naeiŋ35 	
0696	旅馆	客店	ka55laeiŋ35 	旧称
0697	贵	贵	gøi35 	
0698	便宜	便宜	biŋ21ŋiŋ21 	
0699	合算	合算	hak44soruŋ35 	
0700	折扣	折扣	zik55kaeu35 	
0701	亏本	蚀本	sie44buŋ41 	
0702	钱	钱	ziŋ21 	统称
0703	零钱	碎钱	cori55iŋ21 	
0704	硬币	角囝	gœuk55giaŋ51 	
0705	本钱	本钱	buŋ35nʒiŋ51 	
0706	工钱	工夫	gœuŋ44ŋou44 	
0707	路费	盘钱	buaŋ21iŋ21 	
0708	花	使	sai41 	～钱
0709	赚	趁	teiŋ35 	卖一斤能～一毛钱
0710	挣	趁	teiŋ35 	打工～了一千块钱
0711	欠	欠	kiŋ35 	～他十块钱
0712	算盘	算盘	soruŋ55muaŋ21 	
0713	秤	秤	ceiŋ35 	统称
0714	称	称	ceiŋ331 	用秆秤～
0715	赶集	赶集	gaŋ35zek5 	
0716	集市	市场	ci44dioŋ21 	
0717	庙会	佛事	hu44sou23 	
0718	学校	学堂	ho44loruŋ21 	
0719	教室	教室	gau55lek5 	
0720	上学	去学堂	kor55ho44loruŋ21 	
0721	放学	放冥 放昼	buŋ55maŋ21 buŋ55nau35 	
0722	考试	考书	kor55ʒøi331 	
0723	书包	册包	ca55bau331 	
0724	本子	簿	bu23 	
0725	铅笔	铅笔	yiŋ21mek5 	
0726	钢笔	钢笔	goruŋ55mek5 	
0727	圆珠笔	圆珠笔	ŋouŋ21nʒou55βek5 	
0728	毛笔	墨笔	mœukbek5 	
0729	墨	墨	mœuk2 	
0730	砚台	砚	ŋiŋ35 	
0731	信	信	seiŋ35 	一封～
0732	连环画	侬囝书	nœuŋ21ŋiaŋ55nʒøi331 	
0733	捉迷藏	搦捂捂	na44u55ou35 	
0734	跳绳	跳绳	tieu55leiŋ21 	
0735	毽子	毽	giŋ35 	
0736	风筝	纸鹞	ze55miu331 	
0737	舞狮	舞狮	wu55sai331 	
0738	鞭炮	火炮	hui55βau35 	统称
0739	唱歌	唱歌	ciorŋ55gor331 	
0740	演戏	做戏	zor55hi35 	
0741	锣鼓	锣鼓板	lor21u55βaeiŋ51 	统称
0742	二胡	二胡	ni21ou21 	
0743	笛子	簧哨	huaŋ21nau35 	
0744	划拳	猜谜	cai44mui35 	
0745	下棋	行棋	giaŋ21gei21 	
0746	打扑克	拍批	pak55pi331 	
0747	打麻将	拍麻雀	pa55me21ʒøuk5 	
0748	变魔术	做把戏	zor35bau55i35 	
0749	讲故事	讲故事	guŋ44gu55lou331 	
0750	猜谜语	填櫆	deiŋ21kori331 	
0751	玩儿	客聊	ta55liu21 	游玩：到城里～
0752	串门儿	去侬厝	kø55nœuŋ21cu35 	
0753	走亲戚	行亲戚	giaŋ21ciŋ44nʒei35 	
0754	看	睨	ae35 	～电视
0755	听	听	tiaŋ331 	用耳朵～
0756	闻	嗅	heu35 	嗅：用鼻子～
0757	吸	吸	ŋek5 	～气
0758	睁	擘	bak5 	～眼
0759	闭	䀫	kiak5 	～眼
0760	眨	聂=	niak5 	～眼
0761	张	擘	bak5 	～嘴
0762	闭	合	hak2 	～嘴
0763	咬	齩	ga23 	狗～人
0764	嚼	齩	ga23 	把肉～碎
0765	咽	吞	toruŋ331 	～下去
0766	舔	舐	laek5 	人用舌头～
0767	含	含	gaŋ21 	～在嘴里
0768	亲嘴	噈	sik5 	
0769	吮吸	嗍	sork5 	用嘴唇聚拢吸取液体，如吃奶时
0770	吐	呸	pøi35 	上声，把果核儿～掉
0771	吐	吐	tou35 	去声，呕吐：喝酒喝～了
0772	打喷嚏	哈欠	ha55ci51 	
0773	拿	掏	dor21 	用手把苹果～过来
0774	给	乞	køuk5 	他～我一个苹果
0775	摸	摸	mu331 	～头
0776	伸	犁=	lœ21 	～手
0777	挠	空= 扒	kœuŋ35 ba21 	～痒痒 ～痒痒
0778	掐	掐	kiak5 	用拇指和食指的指甲～皮肉
0779	拧	挪	nor21 	～螺丝
0780	拧	拧	niŋ23 	～毛巾
0781	捻	捻	noruŋ21 	用拇指和食指来回～碎
0782	掰	擘	bak5 	把橘子～开，把馒头～开
0783	剥	剥	buk5 	～花生
0784	撕	#7 擘	ti331 bak5 	把纸～了 把纸～了
0785	折	拗	a41 	把树枝～断
0786	拔	拔	baek2 	～萝卜
0787	摘	摘	dek5 	～花
0788	站	徛	ke23 	站立：～起来
0789	倚	倚	ai41 	斜靠：～在墙上
0790	蹲	跍肚	go21lou23 	～下
0791	坐	坐	sori23 	～下
0792	跳	跞	lek5 	青蛙～起来
0793	迈	扳	baŋ331 	跨过高物：从门槛上～过去
0794	踩	#8	nøi23 	脚～在牛粪上
0795	翘	勼	giu21 	～腿
0796	弯	伏	bouk2 	～腰
0797	挺	挺	tiŋ41 	～胸
0798	趴	覆	pouk5 	～着睡
0799	爬	爬跚	ba21laŋ21 	小孩在地上～
0800	走	行	giaŋ21 	慢慢儿～
0801	跑	走	zo41 	慢慢儿走，别～
0802	逃	走	zo41 	逃跑：小偷～走了
0803	追	逐	døuk2 	追赶：～小偷
0804	抓	搦	nak2 	～小偷
0805	抱	抱	por13 	把小孩～在怀里
0806	背	示=	se23 	～孩子
0807	搀	扶	hou21 	～老人
0808	推	扶	pu21 	几个人一起～汽车
0809	摔	踣	buak2 	跌：小孩～倒了
0810	撞	撞	doruŋ23 	人～到电线杆上
0811	挡	档	laŋ21 	你～住我了，我看不见
0812	躲	捂	ou35 	躲藏：他～在床底下
0813	藏	囥	koruŋ35 	藏放，收藏：钱～在枕头下面
0814	放	安	aŋ331 	把碗～在桌子上
0815	摞	摞	lori21 	把砖～起来
0816	埋	埋	dai21 	～在地下
0817	盖	𠖫	gaŋ41 	把茶杯～上
0818	压	硩	dak5 	用石头～住
0819	摁	抑=	ek5 	用手指按：～图钉
0820	捅	忒=	tœuk5 	用棍子～鸟窝
0821	插	插	cak5 	把香～到香炉里
0822	戳	忒=	tœuk5 	～个洞
0823	砍	剉	cori35 	～树
0824	剁	斫	dork5 	把肉～碎做馅儿
0825	削	条=	daeu21 	～苹果
0826	裂	必	bek5 	木板～开了
0827	皱	皱	zaeu35 	皮～起来
0828	腐烂	臭了	cau35li0 	死鱼～了
0829	擦	拭	cek5 	用毛巾～手
0830	倒	𢯽	cœ21 	把碗里的剩饭～掉
0831	扔	搏=	boruk5 	丢弃：这个东西坏了，～了它
0832	扔	衡=	hœuŋ21 	投掷：比一比谁～得远
0833	掉	落	lœuk5 	掉落，坠落：树上～下一个梨
0834	滴	滴	dek5 	水～下来
0835	丢	落	lœuk5 	丢失：钥匙～了
0836	找	𢶀	cui35 	寻找：钥匙～到
0837	捡	拾	kak5 	～到十块钱
0838	提	掼	guaŋ23 	用手把篮子～起来
0839	挑	担	daŋ331 	～担
0840	扛	搁	goruk5 	gáng，把锄头～在肩上
0841	抬	扛	goruŋ331 	～轿
0842	举	驮	dor21 	～旗子
0843	撑	撑	taŋ331 	～伞
0844	撬	勼	giu23 	把门～开
0845	挑	捡	gaeiŋ41 	挑选，选择：你自己～一个
0846	收拾	拾拉	kak55lak5 	～东西
0847	挽	屈	kouk5 	～袖子
0848	涮	涮	soruŋ35 	把杯子～一下
0849	洗	洗	sae41 	～衣服
0850	捞	盝	lœuk2 	～鱼
0851	拴	羁	gi331 	～牛
0852	捆	缚	buk2 	～起来
0853	解	解	gae41 	～绳子
0854	挪	挪	no21 	～桌子
0855	端	驮	dok21 	～碗
0856	摔	拍	pak5 	碗～碎了
0857	掺	掺	caŋ331 	～水
0858	烧	烧	siu331 	～柴
0859	拆	拆	cik5 	～房子
0860	转	#9	liŋ35 	～圈儿
0861	捶	捶	tøi21 	用拳头～
0862	打	拍	pak5 	统称：他～了我一下
0863	打架	干#10	gaŋ55mek2 	动手：两个人在～
0864	休息	歇	hik5 	
0865	打哈欠	喊=#11	haŋ55nae35 	
0866	打瞌睡	盹	cuŋ41 	
0867	睡	睏	noruŋ35 	他已经～了
0868	打呼噜	鼾	haŋ21 	
0869	做梦	做梦	zor55mœuŋ35 	
0870	起床	𣪟起	øuk5i41 	
0871	刷牙	洗喙	sae55ʒøi35 	
0872	洗澡	洗汤	sae55loruŋ331 	
0873	想	忖	coruŋ21 	思索：让我～一下
0874	想	忖	coruŋ21 	想念：我很～他
0875	打算	拍算	pak55loruŋ35 	我～开个店
0876	记得	记得	gei35lik5 	
0877	忘记	勿会记的	mae44gei35lik5 	
0878	怕	惊	giaŋ331 	害怕：你别～
0879	相信	信得过	seiŋ34nik55gu35 	我～你
0880	发愁	愁侬	daeu21nœuŋ21 	
0881	小心	细腻	sae55nei23 	过马路要～
0882	喜欢	中意	duŋ55ei35 	～看电视
0883	讨厌	讨厌	tor55iŋ35 	～这个人
0884	舒服	爽快	suŋ55ŋuai35 	凉风吹来很～
0885	难受	乞亏	ki55øi331 	生理的
0886	难过	䆀得过	ma23ni55u35 	心理的
0887	高兴	兴	heiŋ35 	
0888	生气	恻	caek5 	
0889	责怪	怪	guai35 	
0890	后悔	悔意	hui55ei35 	
0891	忌妒	妒	gei23 	
0892	害羞	无样侬	mor21ioŋ44nœuŋ21 	
0893	丢脸	面擘了	miŋ34bak5lik5 	
0894	欺负	欺负	ki44ou23 	
0895	装	假	ga41 	～病
0896	疼	惜	sik5 	～小孩儿
0897	要	爱	ori35 	我～这个
0898	有	有	ou23 	我～一个孩子
0899	没有	无	mor21 	他～孩子
0900	是	是	sei23 	我～老师
0901	不是	伓是	nei23 	他～老师
0902	在	居许位	giu21ei35 	他～家
0903	不在	无居许位	mor21giu21ei35 	他～家
0904	知道	八传#12	bok5lioŋ21neiŋ35 	我～这件事
0905	不知道	莫八传#12	mok55nioŋ21neiŋ35 	我～这件事
0906	懂	八传	bok5lioŋ21 	我～英语
0907	不懂	莫八传	mok55nioŋ21 	我～英语
0908	会	会	ae23 	我～开车
0909	不会	勿会	mae23 	我～开车
0910	认识	八传	bok55lioŋ21 	我～他
0911	不认识	莫八传	mok55nioŋ21 	我～他
0912	行	会使得	ae44lai53lik5 	应答语
0913	不行	勿会使得	mae44lai44lik5 	应答语
0914	肯	肯	kiŋ41 	～来
0915	应该	应当	siŋ44noruŋ331 	～去
0916	可以	会使得	ae44lai53lik5 	～去
0917	说	讲	gouŋ53 	～话
0918	话	话	wo23 	说～
0919	聊天儿	讲客聊	guŋ44na55liu21 	
0920	叫	#13	wou35 	～他一声儿
0921	吆喝	吼	ho41 	大声喊
0922	哭	号	au21 	小孩～
0923	骂	骂	ma35 	当面～人
0924	吵架	干#10	gaŋ55mek2 	动嘴：两个人在～
0925	骗	骗	piŋ35 	～人
0926	哄	褒=	bor331 	～小孩
0927	撒谎	作讲	zor55uŋ331 	
0928	吹牛	吹牛皮	cui44ŋui21βi331 	
0929	拍马屁	哈肾脬	ha21niŋ44ma331 	
0930	开玩笑	解闷	gae55mouŋ23 	
0931	告诉	讲	guŋ41 	～他
0932	谢谢	乞侬	ki55lœuŋ331 	致谢语
0933	对不起	对不住	dor44bu55zøi23 	致歉语
0934	再见	回头见	hui21dau21iŋ35 	告别语
0935	大	大	do23 	苹果～
0936	小	嫩	noruŋ23 	苹果～
0937	粗	粗 大	cou331 do23 	绳子～ 绳子～
0938	细	嫩	noruŋ23 	绳子～
0939	长	长	doruŋ21 	线～
0940	短	短	døi41 	线～
0941	长	恒	oruŋ21 	时间～
0942	短	短	døi41 	时间～
0943	宽	阔	kuak5 	路～
0944	宽敞	通瘼=	tœuŋ44mak5 	房子～
0945	窄	狭	aek2 	路～
0946	高	悬	gaeiŋ21 	飞机飞得～
0947	低	矮	ae41 	鸟飞得～
0948	高	悬	gaeiŋ21 	他比我～
0949	矮	矮	ae41 	他比我～
0950	远	远	huŋ23 	路～
0951	近	近	gøuŋ23 	路～
0952	深	深	ceiŋ331 	水～
0953	浅	浅	ciŋ41 	水～
0954	清	清	ceiŋ331 	水～
0955	浑	浊	dœuk2 	水～
0956	圆	圆	yiŋ21 	
0957	扁	扁	biŋ41 	
0958	方	四角	si55gœuk5 	
0959	尖	尖	ziŋ331 	
0960	平	平	baŋ21 	
0961	肥	肥	bøi21 	～肉
0962	瘦	㾪	seiŋ41 	～肉
0963	肥	肥	bøi21 	形容猪等动物
0964	胖	肥	bøi21 	形容人
0965	瘦	𤸬	sori331 	形容人、动物
0966	黑	乌	sou331 	黑板的颜色
0967	白	白	bak2 	雪的颜色
0968	红	红	œuŋ21 	国旗的主颜色，统称
0969	黄	黄	huŋ21 	国旗上五星的颜色
0970	蓝	蓝	laŋ21 	蓝天的颜色
0971	绿	绿	luk2 	绿叶的颜色
0972	紫	紫	zi41 	紫药水的颜色
0973	灰	灰	hui331 	草木灰的颜色
0974	多	穧	sae23 	东西～
0975	少	少	ziu41 	东西～
0976	重	重	dœuŋ23 	担子～
0977	轻	轻	keiŋ331 	担子～
0978	直	直	dek2 	线～
0979	陡	崎	ke35 	坡～，楼梯～
0980	弯	曲	kok5 	弯曲：这条路是～的
0981	歪	歪	uai331 	帽子戴～了
0982	厚	厚	gau23 	木板～
0983	薄	薄	boruk2 	木板～
0984	稠	氵局	gøuk2 	稀饭～
0985	稀	清	ceiŋ331 	稀饭～
0986	密	密	maek2 	菜种得～
0987	稀	疏	sœ331 	稀疏：菜种得～
0988	亮	光	guŋ331 	指光线，明亮
0989	黑	暗	aŋ35 	指光线，完全看不见
0990	热	热	ik2 	天气
0991	暖和	暖	noruŋ53 	天气
0992	凉	凊	ceiŋ35 	天气
0993	冷	寒	gaŋ21 	天气
0994	热	热	ik2 	水
0995	凉	凊	ceiŋ35 	水
0996	干	焦	da331 	干燥：衣服晒～了
0997	湿	烂 澹	laŋ23 daŋ21 	潮湿：衣服淋～了 潮湿：衣服淋～了
0998	干净	清气	ciŋ44ŋei35 	衣服～
0999	脏	肮脏	aŋ44naŋ331 	肮脏，不干净，统称：衣服～
1000	快	利	lei23 	锋利：刀子～
1001	钝	勿会利	mae44lei23 	刀～
1002	快	快	kae35 	坐车比走路～
1003	慢	慢	maeiŋ23 	走路比坐车～
1004	早	早 快	za41 kae35 	来得～ 来得～
1005	晚	晏	aŋ35 	来～了
1006	晚	晏	aŋ35 	天色～
1007	松	肨	paŋ35 	捆得～
1008	紧	橂	daeiŋ23 	捆得～
1009	容易	好作息	hor23ʒor55lek5 	这道题～
1010	难	䆀作息	mai23zor55lek5 	这道题～
1011	新	新	seiŋ331 	衣服～
1012	旧	古老	gu35lor51 	衣服～
1013	老	老	lau23 	人～
1014	年轻	后生	hau44laŋ331 	人～
1015	软	嫩	nœuŋ35 	糖～
1016	硬	硬	ŋœuŋ23 	骨头～
1017	烂	漠=	moruk5 	肉煮得～
1018	糊	燃	niaŋ21 	饭烧～了
1019	结实	橂座=	daeiŋ44nʒor23 	家具～
1020	破	破	po35 	衣服～
1021	富	富	bou35 	他家很～
1022	穷	穷	gøuŋ21 	他家很～
1023	忙	无闲	mor21aeiŋ21 	最近很～
1024	闲	有闲	u44aeiŋ21 	最近比较～
1025	累	惑=	hœuk2 	走路走得很～
1026	疼	痛	tiaŋ35 	摔～了
1027	痒	痒	sioŋ23 	皮肤～
1028	热闹	闹热	nau44ik2 	看戏的地方很～
1029	熟悉	会熟	ae44søuk2 	这个地方我很～
1030	陌生	生分	saŋ44ŋouŋ23 	这个地方我很～
1031	味道	味	mei23 	尝尝～
1032	气味	气	kei35 	闻闻～
1033	咸	咸	gaeiaŋ21 	菜～
1034	淡	䭕	ziaŋ41 	菜～
1035	酸	酸	soruŋ331 	
1036	甜	甜	diŋ331 	
1037	苦	苦	ku41 	
1038	辣	辣	lak2 	
1039	鲜	鲜	ciŋ331 	鱼汤～
1040	香	香	hioŋ331 	
1041	臭	臭	cau35 	
1042	馊	臭馊	cau55laeu331 	饭～
1043	腥	臭腥	cau55liŋ331 	鱼～
1044	好	好	hor41 	人～
1045	坏	䆀	mai35 	人～
1046	差	差装=	ca44ʒoruŋ331 	东西质量～
1047	对	无错	mor21ʒor35 	账算～了
1048	错	错	cor35 	账算～了
1049	漂亮	绰	ciok5 	形容年轻女性的长相：她很～
1050	丑	无样式	mor21ioŋ44nek5 	形容人的长相：猪八戒很～
1051	勤快	肯做	kiŋ55nʒor35 	
1052	懒	定	diaŋ23 	
1053	乖	韶=怪 恶	siu21guai35 ork5 	
1054	顽皮	刁皮	diu44pi41 	
1055	老实	老实	lor35leik5 	
1056	傻	戆	ŋoruŋ23 	痴呆
1057	笨	痴	cei331 	蠢
1058	大方	大量	do44lioŋ23 	不吝啬
1059	小气	脱皮	tor44pi331 	吝啬
1060	直爽	直爽	di44soruŋ41 	性格～
1061	犟	拗	ŋau35 	脾气～
1062	一	蜀 一	sik2 ek5 	～二三四五……，下同 ～二三四五……，下同
1063	二	二 两	nei23 laŋ213 	
1064	三	三	saŋ331 	
1065	四	四	sei35 	
1066	五	五	ŋou23 	
1067	六	六	lœuk2 	
1068	七	七	cek5 	
1069	八	八	baek5 	
1070	九	九	gou23 	
1071	十	十	saek2 	
1072	二十	二十	ni21ʒaek2 	有无合音
1073	三十	三十	saŋ331saek2 	有无合音
1074	一百	百 蜀百	bak5 si44bak5 	
1075	一千	千 蜀千	caeiŋ331 si44ʒaeiŋ331 	
1076	一万	万 蜀万	waŋ23 si44uaŋ23 	
1077	一百零五	蜀百零五	si44bak55liŋ21ŋou23 	
1078	一百五十	百五	bak55ŋou23 	
1079	第一	拍一	pak55ek5 	～，第二
1080	二两	两两	laŋ23lioŋ41 	重量
1081	几个	几隻	gui44ek5 	你有～孩子？
1082	俩	两	laŋ23 	你们～
1083	仨	三	saŋ331 	你们～
1084	个把	隻把	zek55ba41 	
1085	个	隻	zek5 	一～人
1086	匹	头	tau21 	一～马
1087	头	头	tau21 	一～牛
1088	头	头	tau21 	一～猪
1089	只	头	tau21 	一～狗
1090	只	头	tau21 	一～鸡
1091	只	头	tau21 	一～蚊子
1092	条	头	tau21 	一～鱼
1093	条	头	tau21 	一～蛇
1094	张	隻	zeik5 	一～嘴
1095	张	张	tioŋ331 	一～桌子
1096	床	床	coruŋ21 	一～被子
1097	领	床	coruŋ21 	一～席子
1098	双	双	sœuŋ331 	一～鞋
1099	把	把	ba41 	一～刀
1100	把	把	ba41 	一～锁
1101	根	条	daeu21 	一～绳子
1102	支	把	ba41 	一～毛笔
1103	副	副	hou35 	一～眼镜
1104	面	面	meiŋ35 	一～镜子
1105	块	粒	lak2 	一～香皂
1106	辆	架	ga35 	一～车
1107	座	座	zor23 	一～房子
1108	座	条	daeu21 	一～桥
1109	条	条	daeu21 	一～河
1110	条	条	daeu21 	一～路
1111	棵	兜	dau441 	一～树
1112	朵	蒲	bu21 	一～花
1113	颗	粒	lak2 	一～珠子
1114	粒	粒	lak2 	一～米
1115	顿	顿	doruŋ35 	一～饭
1116	剂	贴	tek5 	一～中药
1117	股	落	lork2 	一～香味
1118	行	行	oruŋ21 	一～字
1119	块	块	dori35 	一～钱
1120	毛	角	gœuk5 	角：一～钱
1121	件	样	yioŋ23 	一～事情
1122	点儿	呢呢 粒粒	ni555nik5 na44nak2 	一～东西 一～东西
1123	些	呢呢 粒粒	ni555nik5 na44nak2 	一～东西 一～东西
1124	下	下	a23 	打一～，动量，不是时量
1125	会儿	蜀行囝	si44œŋ21ŋiaŋ41 	坐了一～
1126	顿	顿	doruŋ35 	打一～
1127	阵	落	lork2 	下了一～雨
1128	趟	倒	dor35 	去了一～
1129	我	我	ŋo41 	～姓王
1130	你	汝	ni41 	～也姓王
1131	您	汝	ni41 	尊称
1132	他	伊	ei331 	～姓张
1133	我们	我侪	ŋo21ae21 	不包括听话人：你们别去，～去
1134	咱们	我汝侪	ŋo44ni44ae21 	包括听话人：他们不去，～去吧
1135	你们	汝侪	ni23ae21 	～去
1136	他们	伊侪	ei44ae21 	～去
1137	大家	齐侪	zi21ae21 	～一起干
1138	自己	自己	zei23nei23 	我～做的
1139	别人	各侬	gœu55nœuŋ21 	这是～的
1140	我爸	我爸	ŋo41ma23 	～今年八十岁
1141	你爸	汝爸	ni41ma23 	～在家吗？
1142	他爸	伊爸	ei44ma23 	～去世了
1143	这个	这隻	zei55ʒek5 	我要～，不要那个
1144	那个	许隻	hei55ʒek5 	我要这个，不要～
1145	哪个	底隻	di35ʒek5 	你要～杯子？
1146	谁	底侬	dœuŋ41 	你找～？
1147	这里	这堆	zei55lori331 	在～，不在那里
1148	那里	许堆	hei55lori331 	在这里，不在～
1149	哪里	底堆堆	dori35lori331 	你到～去？
1150	这样	这恩=	zei55oruŋ331 	事情是～的，不是那样的
1151	那样	许恩=	hei55oruŋ331 	事情是这样的，不是～的
1152	怎样	甚其	suŋ55ŋae21 	什么样：你要～的？
1153	这么	#14	zo35 	～贵啊
1154	怎么	甚其	suŋ55ŋae21 	这个字～写？
1155	什么	乜乇	mi55nork5 	这个是～字？
1156	什么	乜乇	mi55nork5 	你找～？
1157	为什么	作乜乇	zor55mi55nork5 	你～不去？
1158	干什么	作乜乇	zor55mi55nork5 	你在～？
1159	多少	若夥	ni44o331 	这个村有～人？
1160	很	够色	gau55lœuk5 	今天～热
1161	非常	有样	u44iaŋ41 	比上条程度深：今天～热
1162	更	故	gou35 	今天比昨天～热
1163	太	恰	kak5 	这个东西～贵，买不起
1164	最	第一	daei35 	弟兄三个中他～高
1165	都	都	dou331 	大家～来了
1166	一共	佮#15	gak5lau331 	～多少钱？
1167	一起	做一堆	zor55li44dori331 	我和你～去
1168	只	总共	zu35uŋ51 	我～去过一趟
1169	刚	正	ziaŋ35 	这双鞋我穿着～好
1170	刚	正	ziaŋ35 	我～到
1171	才	正	ziaŋ35 	你怎么～来啊？
1172	就	就	ziu23 	我吃了饭～去
1173	经常	稠稠	saeu21lae21 	我～去
1174	又	又	yiu23 	他～来了
1175	还	故	gou35 	他～没回家
1176	再	再	ai35 	你明天～来
1177	也	也	ye23 	我～去；我～是老师
1178	反正	反正	huaŋ44ziaŋ35 	不用急，～还来得及
1179	没有	未	mui23 	昨天我～去
1180	不	伓	m23 	明天我～去
1181	别	莫	mork2 	你～去
1182	甭	伓要	ŋori35 	不用，不必：你～客气
1183	快	快	kae35 	天～亮了
1184	差点儿	差粒粒	ca44na44nak2 	～摔倒了
1185	宁可	宁可	niŋ21ŋor41 	～买贵的
1186	故意	直直	dei44dek2 	～打破的
1187	随便	随便	siu21biŋ23 	～弄一下
1188	白	白	bak2 	～跑一趟
1189	肯定	肯定	køuŋ55 iaŋ23 	～是他干的
1190	可能	可能	kor35nœŋ51 	～是他干的
1191	一边	蜀爿	si44βaeiŋ21 	～走，～说
1192	和	#16	kae21 	我～他都姓王
1193	和	#16	kae21 	我昨天～他去城里了
1194	对	见	giŋ35 	他～我很好
1195	往	向	hioŋ35 	～东走
1196	向	问	mouŋ35 	～他借一本书
1197	按	按	aŋ35 	～他的要求做
1198	替	替	tae35 	～他写信
1199	如果	#17#18	sø55o331 	～忙你就别来了
1200	不管	莫管	mor44guaŋ41 	～怎么劝他都不听
